id;firstname;lastname;birthdate;phone
1;Yuan Renminbi Centers;Factors;2019-05-26T15:08:49;833.002.6246 x164
2;Games Regional Digitized;copy convergence;2019-05-27T09:19:53;1-510-987-4938 x957
3;archive Georgia Aruba;software scale interactive;2019-05-26T18:25:57;392.652.1281 x009
4;index orange;Jewelery;2019-05-27T09:32:59;1-777-760-9361 x9886
5;archive Fantastic Plastic Chicken;payment;2019-05-27T00:07:51;285-431-9787 x7527
6;Avon;system Small;2019-05-27T03:46:41;1-208-643-5569
7;Phased;Saint Lucia white;2019-05-26T15:41:37;(526) 189-6826
8;RSS;mint green e-business EXE;2019-05-27T06:32:16;183-391-2264 x08383
9;Hat;supply-chains magenta;2019-05-27T11:26:43;(329) 132-5574
10;Tasty Concrete Chips Exclusive;Buckinghamshire capability zero tolerance;2019-05-27T13:26:12;(695) 400-2396
